New Phytologist Supporting Information
"Authors: Joel H. Nitta, James E. Watkins, Jr., and Charles C. Davis"
Article acceptance date: 5 February 2020
"Table S1: List of ferns from Moorea, French Polynesia included in this study"
Taxon code,Genus,Specific epithet,Infraspecific epithet,Informal variety,Scientific name,Name source
Abrodictyum_asaegrayi1,Abrodictyum,asaegrayi,NA,1,Abrodictyum asae-grayi (Bosch) Ebihara & K.Iwats.,IPNI
Abrodictyum_asaegrayi2,Abrodictyum,asaegrayi,NA,2,Abrodictyum asae-grayi (Bosch) Ebihara & K.Iwats.,IPNI
Abrodictyum_caudatum,Abrodictyum,caudatum,NA,NA,Abrodictyum caudatum (Brack.) Ebihara & K.Iwats.,IPNI
Abrodictyum_dentatum,Abrodictyum,dentatum,NA,NA,Abrodictyum dentatum (Bosch) Ebihara & K.Iwats.,IPNI
Acrostichum_aureum,Acrostichum,aureum,NA,NA,Acrostichum aureum,IPNI
Adiantum_hispidulum,Adiantum,hispidulum,NA,NA,Adiantum hispidulum,IPNI
Adiantum_raddianum,Adiantum,raddianum,NA,NA,Adiantum raddianum C. Presl,TROPICOS
Adiantum_trapeziforme,Adiantum,trapeziforme,NA,NA,Adiantum trapeziforme,IPNI
Alsophila_tahitensis,Alsophila,tahitensis,NA,NA,Alsophila tahitensis Brack.,IPNI
Amphineuron_opulentum,Amblovenatum,opulentum,NA,NA,Amblovenatum opulentum (Kaulf.) J.P.Roux,IPNI
Angiopteris_evecta,Angiopteris,evecta,NA,NA,Angiopteris evecta (G. Forst.) Hoffm.,TROPICOS
Antrophyum_plantagineum,Antrophyum,plantagineum,NA,NA,Antrophyum plantagineum (Cav.) Kaulf.,TROPICOS
Antrophyum_reticulatum,Antrophyum,reticulatum,NA,NA,Antrophyum reticulatum (G. Forst.) Kaulf.,TROPICOS
Antrophyum_sp1,Antrophyum,sp,NA,NA,Antrophyum Kaulf.,TROPICOS
Arachniodes_aristata,Arachniodes,aristata,NA,NA,Arachniodes aristata (G. Forst.) Tindale,TROPICOS
Archigrammitis_tahitensis,Archigrammitis,tahitensis,NA,NA,Archigrammitis tahitensis (C.Chr.) Parris,NCBI
Arthropteris_palisotii,Arthropteris,palisotii,NA,NA,Arthropteris palisotii (Desv.) Alston,TROPICOS
Asplenium_affine,Asplenium,affine,NA,NA,Asplenium affine Sw.,TROPICOS
Asplenium_australasicum,Asplenium,australasicum,NA,NA,Asplenium australasicum,IPNI
Asplenium_caudatum,Asplenium,caudatum,NA,NA,Asplenium caudatum G. Forst.,TROPICOS
Asplenium_gibberosum,Asplenium,gibberosum,NA,NA,Asplenium gibberosum (Forst.) Mett.,IPNI
Asplenium_nidus,Asplenium,nidus,NA,NA,Asplenium nidus,IPNI
Asplenium_polyodon,Asplenium,polyodon,NA,NA,Asplenium polyodon G. Forst.,TROPICOS
Asplenium_tenerum,Asplenium,tenerum,NA,NA,Asplenium tenerum G. Forst.,TROPICOS
Belvisia_spicata,Lepisorus,spicatus,NA,NA,Lepisorus spicatus (L.f.) Li Wang,IPNI
Blechnum_orientale,Blechnopsis,orientalis,NA,NA,Blechnopsis orientalis (L.) C. Presl,TROPICOS
Blechnum_pacificum,Parablechnum,pacificum,NA,NA,Parablechnum pacificum (Lorence & A.R.Sm.) Gasper & Salino,IPNI
Blechnum_patersonii,Austroblechnum,patersonii,NA,NA,Austroblechnum patersonii (R.Br.) Gasper & V.A.O.Dittrich,IPNI
Blechnum_raiateense,Austroblechnum,raiateense,NA,NA,Austroblechnum raiateense (J.W.Moore) Gasper & V.A.O.Dittrich,IPNI
Blechnum_vulcanicum,Cranfillia,vulcanica,NA,NA,Cranfillia vulcanica (Blume) Gasper & V.A.O.Dittrich,IPNI
Bolbitis_lonchophora,Bolbitis,lonchophora,NA,NA,Bolbitis lonchophora (Kunze) C.Chr.,IPNI
Callistopteris_apiifolia,Callistopteris,apiifolia,NA,NA,Callistopteris apiifolia (C. Presl) Copel.,TROPICOS
Calymmodon_orientalis,Calymmodon,orientalis,NA,NA,Calymmodon orientalis Copel.,IPNI
Cheilanthes_nudiuscula,Cheilanthes,nudiuscula,NA,NA,Cheilanthes nudiuscula (R. Br.) T. Moore,TROPICOS
Chingia_longissima,Chingia,longissima,NA,NA,Chingia longissima (Brack.) Holttum,IPNI
Christella_dentata,Christella,dentata,NA,NA,Christella dentata,IPNI
Coryphopteris_sp1,Coryphopteris,sp,NA,NA,Coryphopteris Holttum,TROPICOS
Crepidomanes_bipunctatum,Crepidomanes,bipunctatum,NA,NA,Crepidomanes bipunctatum,IPNI
Crepidomanes_humile,Crepidomanes,humile,NA,NA,Crepidomanes humile (Forst.) K.Iwats.,IPNI
Crepidomanes_kurzii,Crepidomanes,kurzii,NA,NA,Crepidomanes kurzii (Bedd.) Tagawa & K. Iwats.,TROPICOS
Crepidomanes_minutum1,Crepidomanes,minutum,NA,1,Crepidomanes minutum (Blume) K. Iwats.,TROPICOS
Crepidomanes_minutum2,Crepidomanes,minutum,NA,2,Crepidomanes minutum (Blume) K. Iwats.,TROPICOS
Crepidomanes_minutum3,Crepidomanes,minutum,NA,3,Crepidomanes minutum (Blume) K. Iwats.,TROPICOS
Ctenitis_sciaphila,Ctenitis,sciaphila,sciaphila,NA,Ctenitis sciaphila (Maxon) Ching var. sciaphila,Murdock and Smith 2003
Ctenopterella_blechnoides,Ctenopterella,blechnoides,NA,NA,Ctenopterella blechnoides (Grev.) Parris,TROPICOS
Cyathea_epaleata,Cyathea,epaleata,NA,NA,Cyathea epaleata (Holttum) Holttum,IPNI
Dasygrammitis_purpurascens,Dasygrammitis,purpurascens,NA,NA,Dasygrammitis purpurascens (Nadeaud) Parris,IPNI
Davallia_solida,Davallia,solida,solida,NA,Davallia solida (G. Forst.) Sw. var. solida,Murdock and Smith 2003
Deparia_petersenii,Deparia,petersenii,congrua,NA,Deparia petersenii (Kunze) M. Kato subsp. congrua (Brack.) M. Kato,Murdock and Smith 2003
Dicranopteris_linearis,Dicranopteris,linearis,linearis,NA,Dicranopteris linearis (Burm. f.) Underw. var. linearis,Murdock and Smith 2003
Didymoglossum_tahitense,Didymoglossum,tahitense,NA,NA,Didymoglossum tahitense (Nadeaud) Ebihara & K.Iwats.,IPNI
Diplazium_ellipticum,Diplazium,ellipticum,NA,NA,Diplazium ellipticum (Copel.) C.Chr.,IPNI
Diplazium_grantii,Diplazium,grantii,NA,NA,Diplazium grantii (Copel.) C.Chr.,NCBI
Diplazium_harpeodes,Diplazium,harpeodes,NA,NA,Diplazium harpeodes T.Moore,IPNI
Diplopterygium_longissimum,Diplopterygium,longissimum,NA,NA,Diplopterygium longissimum (Blume) Nakai,TROPICOS
Doryopteris_concolor,Doryopteris,concolor,NA,NA,Doryopteris concolor,IPNI
Dryopteris_dicksonioides,Dryopteris,dicksonioides,NA,NA,Dryopteris dicksonioides (Mett.) Copel.,IPNI
Dryopteris_macrolepidota,Dryopteris,macrolepidota,NA,NA,Dryopteris macrolepidota Copel.,NCBI
Elaphoglossum_samoense,Elaphoglossum,samoense,NA,NA,Elaphoglossum samoense Brack.,IPNI
Elaphoglossum_savaiense,Elaphoglossum,savaiense,NA,NA,Elaphoglossum savaiense (Baker) Diels,IPNI
Grammitis_marginelloides,Grammitis,marginelloides,NA,NA,Grammitis marginelloides (J.W. Moore) Copel.,TROPICOS
Haplopteris_elongata,Haplopteris,elongata,NA,NA,Haplopteris elongata (Sw.) E.H. Crane,TROPICOS
Histiopteris_incisa,Histiopteris,incisa,NA,NA,Histiopteris incisa,IPNI
Humata_anderssonii,Davallia,anderssonii,NA,NA,Davallia anderssonii Mett.; Kuhn,IPNI
Humata_pectinata,Davallia,pectinata,NA,NA,Davallia pectinata Sm.,TROPICOS
Hymenophyllum_braithwaitei,Hymenophyllum,braithwaitei,NA,NA,Hymenophyllum braithwaitei Ebihara & K.Iwats.,IPNI
Hymenophyllum_digitatum,Hymenophyllum,digitatum,NA,NA,Hymenophyllum digitatum (Sw.) Fosberg,IPNI
Hymenophyllum_flabellatum,Hymenophyllum,flabellatum,NA,NA,Hymenophyllum flabellatum Labill.,TROPICOS
Hymenophyllum_javanicum,Hymenophyllum,javanicum,NA,NA,Hymenophyllum javanicum Spreng.,TROPICOS
Hymenophyllum_multifidum,Hymenophyllum,multifidum,NA,NA,Hymenophyllum multifidum (G.Forst.) Sw.,IPNI
Hymenophyllum_pallidum,Hymenophyllum,pallidum,NA,NA,Hymenophyllum pallidum (Blume) Ebihara & K.Iwats.,IPNI
Hymenophyllum_polyanthos,Hymenophyllum,polyanthos,NA,NA,Hymenophyllum polyanthos (Sw.) Sw.,NCBI
Hypolepis_dicksonioides,Hypolepis,dicksonioides,NA,NA,Hypolepis dicksonioides (Endl.) Hook.,IPNI
Hypolepis_sp1,Hypolepis,sp,NA,NA,Hypolepis Bernh.,TROPICOS
Hypolepis_tenuifolia,Hypolepis,tenuifolia,NA,NA,Hypolepis tenuifolia,IPNI
Leucostegia_pallida,Leucostegia,pallida,NA,NA,Leucostegia pallida (Mett.) Copel.,IPNI
Lindsaea_propinqua,Lindsaea,propinqua,NA,NA,Lindsaea propinqua Hook.,TROPICOS
Lindsaea_repens,Lindsaea,repens,marquesensis,NA,Lindsaea repens (Bory) Thwaites var. marquesensis E. D. Br.,Murdock and Smith 2003
Lindsaea_rigida,Lindsaea,rigida,NA,NA,Lindsaea rigida J. Sm.,TROPICOS
Lomagramma_tahitensis,Lomagramma,tahitensis,NA,NA,Lomagramma tahitensis Holttum,IPNI
Lomariopsis_brackenridgei,Lomariopsis,brackenridgei,NA,NA,Lomariopsis brackenridgei Carruth.,IPNI
Lygodium_reticulatum,Lygodium,reticulatum,NA,NA,Lygodium reticulatum Schkuhr,TROPICOS
Macrothelypteris_polypodioides,Macrothelypteris,polypodioides,NA,NA,Macrothelypteris polypodioides (Hook.) Holttum,TROPICOS
Macrothelypteris_torresiana,Macrothelypteris,torresiana,NA,NA,Macrothelypteris torresiana (Gaudich.) Ching,TROPICOS
Microlepia_scaberula,Microlepia,scaberula,NA,NA,Microlepia scaberula Mett.; Kuhn,IPNI
Microsorum_commutatum,Microsorum,commutatum,NA,NA,Microsorum commutatum Copel.,TROPICOS
Microsorum_grossum,Microsorum,grossum,NA,NA,Microsorum grossum (Langsd. & Fisch.) S.B.Andrews,IPNI
Microsorum_membranifolium,Microsorum,membranifolium,NA,NA,Microsorum membranifolium (R. Br.) Ching,TROPICOS
Microsorum_powellii,Microsorum,powellii,NA,NA,Microsorum powellii (Baker) Copel.,IPNI
Microsorum_punctatum,Microsorum,punctatum,NA,NA,Microsorum punctatum,IPNI
Nephrolepis_biserrata,Nephrolepis,biserrata,NA,NA,Nephrolepis biserrata,IPNI
Nephrolepis_cordifolia,Nephrolepis,cordifolia,NA,NA,Nephrolepis cordifolia,IPNI
Nephrolepis_hirsutula,Nephrolepis,hirsutula,NA,NA,Nephrolepis hirsutula,IPNI
Oleandra_sibbaldii,Oleandra,sibbaldii,NA,NA,Oleandra sibbaldii Grev.,IPNI
Ophioglossum_falcatum,Ophioglossum,falcatum,NA,NA,Ophioglossum falcatum (Presl) Fowler,IPNI
Ophioglossum_pendulum,Ophioglossum,pendulum,NA,NA,Ophioglossum pendulum,IPNI
Oreogrammitis_raiateensis,Oreogrammitis,raiateensis,NA,NA,Oreogrammitis raiateensis (J.W.Moore) Parris,IPNI
Paesia_divaricatissima,Paesia,divaricatissima,NA,NA,Paesia divaricatissima (Dryand.) Copel.,IPNI
Pityrogramma_calomelanos,Pityrogramma,calomelanos,NA,NA,Pityrogramma calomelanos,IPNI
Plesioneuron_attenuatum,Plesioneuron,attenuatum,NA,NA,Plesioneuron attenuatum (Brack.) Holttum,IPNI
Plesioneuron_sp1,Plesioneuron,sp,NA,NA,Plesioneuron (Holttum) Holttum,TROPICOS
Pneumatopteris_mesocarpa,Pneumatopteris,mesocarpa,NA,NA,Pneumatopteris mesocarpa (Copel.) Holttum,IPNI
Polyphlebium_borbonicum,Polyphlebium,borbonicum,NA,NA,Polyphlebium borbonicum (Bosch) Ebihara & Dubuisson,IPNI
Polyphlebium_endlicherianum,Polyphlebium,endlicherianum,NA,NA,Polyphlebium endlicherianum (C.Presl) Ebihara & K.Iwats.,IPNI
Prosaptia_contigua,Prosaptia,contigua,NA,NA,Prosaptia contigua (G. Forst.) C. Presl,TROPICOS
Prosaptia_subnuda,Prosaptia,subnuda,NA,NA,Prosaptia subnuda (Mett. ex Kuhn) Copel.,IPNI
Psilotum_complanatum,Psilotum,complanatum,NA,NA,Psilotum complanatum,IPNI
Psilotum_nudum,Psilotum,nudum,NA,NA,Psilotum nudum (L.) P.Beauv.,NCBI
Pteris_comans,Pteris,comans,NA,NA,Pteris comans,IPNI
Pteris_ensiformis,Pteris,ensiformis,NA,NA,Pteris ensiformis Burm. f.,TROPICOS
Pteris_mertensioides,Pteris,mertensioides,NA,NA,Pteris mertensioides Willd.,TROPICOS
Pteris_tripartita,Pteris,tripartita,NA,NA,Pteris tripartita,IPNI
Ptisana_salicina,Ptisana,salicina,NA,NA,Ptisana salicina (Sm.) Murdock,TROPICOS
Pyrrosia_serpens,Pyrrosia,serpens,NA,NA,Pyrrosia serpens (G.Forst.) Ching,IPNI
Schizaea_dichotoma,Schizaea,dichotoma,NA,NA,Schizaea dichotoma,IPNI
Selliguea_plantaginea,Selliguea,plantaginea,NA,NA,Selliguea plantaginea Brack.,TROPICOS
Sphaeropteris_medullaris,Sphaeropteris,medullaris,NA,NA,Sphaeropteris medullaris (G. Forst.) Bernh.,TROPICOS
Sphaerostephanos_invisus,Sphaerostephanos,invisus,NA,NA,Sphaerostephanos invisus (G.Forst.) Holttum,IPNI
Sphaerostephanos_subpectinatus,Sphaerostephanos,subpectinatus,NA,NA,Sphaerostephanos subpectinatus (Copel.) Holttum,IPNI
Sphenomeris_chinensis,Sphenomeris,chinensis,NA,NA,Sphenomeris chinensis (L.) Maxon,TROPICOS
Sticherus_tahitensis,Sticherus,tahitensis,NA,NA,Sticherus tahitensis (Copel.) St.John,IPNI
Tectaria_decurrens,Tectaria,decurrens,NA,NA,Tectaria decurrens (C. Presl) Copel.,TROPICOS
Tectaria_dissecta,Tectaria,dissecta,NA,NA,Tectaria dissecta (G. Forst.) Lellinger,TROPICOS
Tectaria_tahitensis,Tectaria,tahitensis,NA,NA,Tectaria tahitensis Maxon,IPNI
Teratophyllum_wilkesianum,Teratophyllum,wilkesianum,NA,NA,Teratophyllum wilkesianum Holttum,TROPICOS
Tmesipteris_gracilis,Tmesipteris,gracilis,NA,NA,Tmesipteris gracilis Chinnock,IPNI
Vaginularia_paradoxa,Vaginularia,paradoxa,NA,NA,Vaginularia paradoxa Mett. ex Miq.,TROPICOS
Vandenboschia_maxima,Vandenboschia,maxima,NA,NA,Vandenboschia maxima (Blume) Copel.,TROPICOS
Wibelia_denticulata,Davallia,denticulata,NA,NA,Davallia denticulata (Burm. f.) Mett. ex Kuhn,TROPICOS
"'Taxon code' is the name used for that taxon in analyses. 'Informal variety' is a number assigned"
"to infraspecific taxa that are morphologically and genetically distinct, but lack formal names"
"distinguishing them. 'Name source' indicates the source of the scientific name as follows: IPNI"
"= International Plant Names Index (https://www.ipni.org/), TROPICOS = Missouri Botanical Garden"
"taxonomic database (https://www.tropicos.org/), NCBI = National Center for Biotechnology Information"
"taxonomic database (https://www.ncbi.nlm.nih.gov/Taxonomy/Browser/wwwtax.cgi), Murdock and Smith"
"2003 = Murdock & Smith (2003). The genus in 'Taxon code' may differ from the 'Genus' column for"
"names whose preferred synonymy has changed since data were originally recorded. 'NA' indicates not"
"applicable."
